#clustering method	cluster number	cluster color	gene count	protein name	protein identifier	protein description
kmeans	1	Red	15	APOM	9606.ENSP00000365081	Apolipoprotein M; Probably involved in lipid transport. Can bind sphingosine-1- phosphate, myristic acid, palmitic acid and stearic acid, retinol, all- trans-retinoic acid and 9-cis-retinoic acid.
kmeans	1	Red	15	B4GAT1	9606.ENSP00000309096	Beta-1,4-glucuronyltransferase 1; Beta-1,4-glucuronyltransferase involved in O-mannosylation of alpha-dystroglycan (DAG1). Transfers a glucuronic acid (GlcA) residue onto a xylose (Xyl) acceptor to produce the glucuronyl-beta-1,4-xylose- beta disaccharide primer, which is further elongated by LARGE1, during synthesis of phosphorylated O-mannosyl glycan. Phosphorylated O-mannosyl glycan is a carbohydrate is a carbohydrate structure present in alpha-dystroglycan (DAG1), which is required for binding laminin G-like domain-containing extracellular proteins with high affinity. Required for  [...] 
kmeans	1	Red	15	BAG3	9606.ENSP00000358081	BAG family molecular chaperone regulator 3; Co-chaperone for HSP70 and HSC70 chaperone proteins. Acts as a nucleotide-exchange factor (NEF) promoting the release of ADP from the HSP70 and HSC70 proteins thereby triggering client/substrate protein release. Nucleotide release is mediated via its binding to the nucleotide-binding domain (NBD) of HSPA8/HSC70 where as the substrate release is mediated via its binding to the substrate-binding domain (SBD) of HSPA8/HSC70. Has anti- apoptotic activity. Plays a role in the HSF1 nucleocytoplasmic transport.
kmeans	1	Red	15	CANT1	9606.ENSP00000307674	Soluble calcium-activated nucleotidase 1; Calcium-dependent nucleotidase with a preference for UDP. The order of activity with different substrates is UDP > GDP > UTP > GTP. Has very low activity towards ADP and even lower activity towards ATP. Does not hydrolyze AMP and GMP. Involved in proteoglycan synthesis. Belongs to the apyrase family.
kmeans	1	Red	15	FAM3C	9606.ENSP00000353025	Protein FAM3C; May be involved in retinal laminar formation. Promotes epithelial to mesenchymal transition.
kmeans	1	Red	15	FSTL3	9606.ENSP00000166139	Follistatin-related protein 3; Isoform 1 or the secreted form is a binding and antagonizing protein for members of the TGF-beta family, such us activin, BMP2 and MSTN. Inhibits activin A-, activin B-, BMP2- and MSDT-induced cellular signaling; more effective on activin A than on activin B. Involved in bone formation; inhibits osteoclast differentiationc. Involved in hematopoiesis; involved in differentiation of hemopoietic progenitor cells, increases hematopoietic cell adhesion to fibronectin and seems to contribute to the adhesion of hematopoietic precursor cells to the bone marrow st [...] 
kmeans	1	Red	15	GCNT1	9606.ENSP00000415454	Beta-1,3-galactosyl-O-glycosyl-glycoprotein beta-1,6-N-acetylglucosaminyltransferase; Glycosyltransferase that catalyzes the transfer of an N- acetylglucosamine moiety onto mucin-type core 1 O-glycan to form the branched mucin-type core 2 O-glycan. Mucin-type core 2 O-glycans play an important role in leukocyte extravasation as they serve as scaffolds for the display of the selectin ligand sialyl Lewis X by leukocytes.
kmeans	1	Red	15	HSPB6	9606.ENSP00000004982	Heat shock protein beta-6; Small heat shock protein which functions as a molecular chaperone probably maintaining denatured proteins in a folding- competent state. Seems to have versatile functions in various biological processes. Plays a role in regulating muscle function such as smooth muscle vasorelaxation and cardiac myocyte contractility. May regulate myocardial angiogenesis implicating KDR. Overexpression mediates cardioprotection and angiogenesis after induced damage. Stabilizes monomeric YWHAZ thereby supporting YWHAZ chaperone-like activity.
kmeans	1	Red	15	INHBC	9606.ENSP00000308716	Inhibin beta C chain; Inhibins and activins inhibit and activate, respectively, the secretion of follitropin by the pituitary gland. Inhibins/activins are involved in regulating a number of diverse functions such as hypothalamic and pituitary hormone secretion, gonadal hormone secretion, germ cell development and maturation, erythroid differentiation, insulin secretion, nerve cell survival, embryonic axial development or bone growth, depending on their subunit composition. Inhibins appear to oppose the functions of activins; Belongs to the TGF-beta family.
kmeans	1	Red	15	ISM1	9606.ENSP00000262487	Isthmin-1; Acts as an angiogenesis inhibitor. Belongs to the isthmin family.
kmeans	1	Red	15	KYNU	9606.ENSP00000264170	Kynureninase; Catalyzes the cleavage of L-kynurenine (L-Kyn) and L-3- hydroxykynurenine (L-3OHKyn) into anthranilic acid (AA) and 3- hydroxyanthranilic acid (3-OHAA), respectively. Has a preference for the L-3-hydroxy form. Also has cysteine-conjugate-beta-lyase activity. Belongs to the kynureninase family.
kmeans	1	Red	15	PTPRN2	9606.ENSP00000374069	Receptor-type tyrosine-protein phosphatase N2; Plays a role in vesicle-mediated secretory processes. Required for normal accumulation of secretory vesicles in hippocampus, pituitary and pancreatic islets. Required for the accumulation of normal levels of insulin-containing vesicles and preventing their degradation. Plays a role in insulin secretion in response to glucose stimuli. Required for normal accumulation of the neurotransmitters norepinephrine, dopamine and serotonin in the brain. In females, but not in males, required for normal accumulation and secretion of pituitary hormones [...] 
kmeans	1	Red	15	S100P	9606.ENSP00000296370	Protein S100-P; May function as calcium sensor and contribute to cellular calcium signaling. In a calcium-dependent manner, functions by interacting with other proteins, such as EZR and PPP5C, and indirectly plays a role in physiological processes like the formation of microvilli in epithelial cells. May stimulate cell proliferation in an autocrine manner via activation of the receptor for activated glycation end products (RAGE); Belongs to the S-100 family.
kmeans	1	Red	15	SERPINA11	9606.ENSP00000335024	Serpin family A member 11.
kmeans	1	Red	15	VWA1	9606.ENSP00000417185	Von Willebrand factor A domain-containing protein 1; Promotes matrix assembly.
kmeans	2	Brown	14	ADAMTS8	9606.ENSP00000257359	A disintegrin and metalloproteinase with thrombospondin motifs 8; Has anti-angiogenic properties.
kmeans	2	Brown	14	BCAN	9606.ENSP00000331210	Brevican core protein; May play a role in the terminally differentiating and the adult nervous system during postnatal development. Could stabilize interactions between hyaluronan (HA) and brain proteoglycans; Belongs to the aggrecan/versican proteoglycan family.
kmeans	2	Brown	14	CA4	9606.ENSP00000300900	Carbonic anhydrase 4; Reversible hydration of carbon dioxide. May stimulate the sodium/bicarbonate transporter activity of SLC4A4 that acts in pH homeostasis. It is essential for acid overload removal from the retina and retina epithelium, and acid release in the choriocapillaris in the choroid; Belongs to the alpha-carbonic anhydrase family.
kmeans	2	Brown	14	CD6	9606.ENSP00000323280	T-cell differentiation antigen CD6; Cell adhesion molecule that mediates cell-cell contacts and regulates T-cell responses via its interaction with ALCAM/CD166. Contributes to signaling cascades triggered by activation of the TCR/CD3 complex. Functions as costimulatory molecule; promotes T-cell activation and proliferation. Contributes to the formation and maturation of the immunological synapse. Functions as calcium- dependent pattern receptor that binds and aggregates both Gram-positive and Gram-negative bacteria. Binds both lipopolysaccharide (LPS) from Gram-negative bacteria and li [...] 
kmeans	2	Brown	14	CREG1	9606.ENSP00000359540	Protein CREG1; May contribute to the transcriptional control of cell growth and differentiation. Antagonizes transcriptional activation and cellular transformation by the adenovirus E1A protein. The transcriptional control activity of cell growth requires interaction with IGF2R; Belongs to the CREG family.
kmeans	2	Brown	14	GPC5	9606.ENSP00000366267	Secreted glypican-5; Cell surface proteoglycan that bears heparan sulfate. Belongs to the glypican family.
kmeans	2	Brown	14	OMG	9606.ENSP00000247271	Oligodendrocyte-myelin glycoprotein; Cell adhesion molecule contributing to the interactive process required for myelination in the central nervous system.
kmeans	2	Brown	14	PRCP	9606.ENSP00000377055	Lysosomal Pro-X carboxypeptidase; Cleaves C-terminal amino acids linked to proline in peptides such as angiotensin II, III and des-Arg9-bradykinin. This cleavage occurs at acidic pH, but enzymatic activity is retained with some substrates at neutral pH.
kmeans	2	Brown	14	PROK1	9606.ENSP00000271331	Prokineticin-1; Potently contracts gastrointestinal (GI) smooth muscle. Induces proliferation, migration and fenestration (the formation of membrane discontinuities) in capillary endothelial cells derived from endocrine glands. Has little or no effect on a variety of other endothelial and non-endothelial cell types. Induces proliferation and differentiation, but not migration, of enteric neural crest cells. Directly influences neuroblastoma progression by promoting the proliferation and migration of neuroblastoma cells. Positively regulates PTGS2 expression and prostaglandin synthesis. [...] 
kmeans	2	Brown	14	ROBO1	9606.ENSP00000420321	Roundabout homolog 1; Receptor for SLIT1 and SLIT2 that mediates cellular responses to molecular guidance cues in cellular migration, including axonal navigation at the ventral midline of the neural tube and projection of axons to different regions during neuronal development. Interaction with the intracellular domain of FLRT3 mediates axon attraction towards cells expressing NTN1. In axon growth cones, the silencing of the attractive effect of NTN1 by SLIT2 may require the formation of a ROBO1-DCC complex (By similarity). Plays a role in the regulation of cell migration via its intera [...] 
kmeans	2	Brown	14	ROBO2	9606.ENSP00000417335	Roundabout homolog 2; Receptor for SLIT2, and probably SLIT1, which are thought to act as molecular guidance cue in cellular migration, including axonal navigation at the ventral midline of the neural tube and projection of axons to different regions during neuronal development; Belongs to the immunoglobulin superfamily. ROBO family.
kmeans	2	Brown	14	SMOC1	9606.ENSP00000355110	SPARC-related modular calcium-binding protein 1; Plays essential roles in both eye and limb development. Probable regulator of osteoblast differentiation.
kmeans	2	Brown	14	SPOCK1	9606.ENSP00000378401	Testican-1; May play a role in cell-cell and cell-matrix interactions. May contribute to various neuronal mechanisms in the central nervous system.
kmeans	2	Brown	14	TCL1A	9606.ENSP00000451506	T-cell leukemia/lymphoma protein 1A; Enhances the phosphorylation and activation of AKT1, AKT2 and AKT3. Promotes nuclear translocation of AKT1. Enhances cell proliferation, stabilizes mitochondrial membrane potential and promotes cell survival. Belongs to the TCL1 family.
kmeans	3	Dark Golden Rod	18	ADGRG2	9606.ENSP00000369198	Adhesion G-protein coupled receptor G2; Orphan receptor. Could be involved in a signal transduction pathway controlling epididymal function and male fertility. May regulate fluid exchange within epididymis. Belongs to the G-protein coupled receptor 2 family. Adhesion G-protein coupled receptor (ADGR) subfamily.
kmeans	3	Dark Golden Rod	18	ADH4	9606.ENSP00000424630	All-trans-retinol dehydrogenase [NAD(+)] ADH4; Catalyzes the NAD-dependent oxidation of either all-trans- retinol or 9-cis-retinol. Also oxidizes long chain omega-hydroxy fatty acids, such as 20-HETE, producing both the intermediate aldehyde, 20-oxoarachidonate and the end product, a dicarboxylic acid, (5Z,8Z,11Z,14Z)-eicosatetraenedioate. Also catalyzes the reduction of benzoquinones.
kmeans	3	Dark Golden Rod	18	BPIFB1	9606.ENSP00000253354	BPI fold-containing family B member 1; May play a role in innate immunity in mouth, nose and lungs. Binds bacterial lipopolysaccharide (LPS) and modulates the cellular responses to LPS; Belongs to the BPI/LBP/Plunc superfamily. Plunc family.
kmeans	3	Dark Golden Rod	18	BRK1	9606.ENSP00000432472	Protein BRICK1; Involved in regulation of actin and microtubule organization. Part of a WAVE complex that activates the Arp2/3 complex. As component of the WAVE1 complex, required for BDNF-NTRK2 endocytic trafficking and signaling from early endosomes (By similarity).
kmeans	3	Dark Golden Rod	18	CD302	9606.ENSP00000259053	CD302 antigen; Potential multifunctional C-type lectin receptor that may play roles in endocytosis and phagocytosis as well as in cell adhesion and migration.
kmeans	3	Dark Golden Rod	18	CNDP1	9606.ENSP00000351682	Carnosine dipeptidase 1; Belongs to the peptidase M20A family.
kmeans	3	Dark Golden Rod	18	CNTN5	9606.ENSP00000435637	Contactin-5; Contactins mediate cell surface interactions during nervous system development. Has some neurite outgrowth-promoting activity in the cerebral cortical neurons but not in hippocampal neurons. Probably involved in neuronal activity in the auditory system (By similarity).
kmeans	3	Dark Golden Rod	18	CPVL	9606.ENSP00000387164	Probable serine carboxypeptidase CPVL; May be involved in the digestion of phagocytosed particles in the lysosome, participation in an inflammatory protease cascade, and trimming of peptides for antigen presentation; Belongs to the peptidase S10 family.
kmeans	3	Dark Golden Rod	18	GSTA1	9606.ENSP00000335620	Glutathione S-transferase A1, N-terminally processed; Glutathione S-transferase that catalyzes the nucleophilic attack of the sulfur atom of glutathione on the electrophilic groups of a wide range of exogenous and endogenous compounds (Probable). Involved in the formation of glutathione conjugates of both prostaglandin A2 (PGA2) and prostaglandin J2 (PGJ2). It also catalyzes the isomerization of D5-androstene-3,17-dione (AD) into D4-androstene- 3,17-dione and may therefore play an important role in hormone biosynthesis. Through its glutathione-dependent peroxidase activity toward the f [...] 
kmeans	3	Dark Golden Rod	18	LAYN	9606.ENSP00000364765	Layilin; Receptor for hyaluronate.
kmeans	3	Dark Golden Rod	18	MANSC1	9606.ENSP00000438205	MANSC domain containing 1.
kmeans	3	Dark Golden Rod	18	NPDC1	9606.ENSP00000360660	Neural proliferation differentiation and control protein 1; Suppresses oncogenic transformation in neural and non-neural cells and down-regulates neural cell proliferation. Might be involved in transcriptional regulation (By similarity); Belongs to the NPDC1/cab-1 family.
kmeans	3	Dark Golden Rod	18	PIK3IP1	9606.ENSP00000215912	Phosphoinositide-3-kinase-interacting protein 1; Negative regulator of hepatic phosphatidylinositol 3-kinase (PI3K) activity.
kmeans	3	Dark Golden Rod	18	SCGB3A2	9606.ENSP00000296694	Secretoglobin family 3A member 2; Secreted cytokine-like protein. Binds to the scavenger receptor MARCO. Can also bind to pathogens including the Gram-positive bacterium L.monocytogenes, the Gram-negative bacterium P.aeruginosa, and yeast. Strongly inhibits phospholipase A2 (PLA2G1B) activity. Seems to have anti-inflammatory effects in respiratory epithelium (By similarity). Also has anti-fibrotic activity in lung. May play a role in fetal lung development and maturation. Promotes branching morphogenesis during early stages of lung development. In the pituitary, may inhibit production  [...] 
kmeans	3	Dark Golden Rod	18	SCLY	9606.ENSP00000499199	Selenocysteine lyase; Catalyzes the decomposition of L-selenocysteine to L-alanine and elemental selenium; Belongs to the class-V pyridoxal-phosphate-dependent aminotransferase family.
kmeans	3	Dark Golden Rod	18	SETMAR	9606.ENSP00000373354	Histone-lysine N-methyltransferase SETMAR; Protein derived from the fusion of a methylase with the transposase of an Hsmar1 transposon that plays a role in DNA double- strand break repair, stalled replication fork restart and DNA integration. DNA-binding protein, it is indirectly recruited to sites of DNA damage through protein-protein interactions. Has also kept a sequence-specific DNA-binding activity recognizing the 19-mer core of the 5'-terminal inverted repeats (TIRs) of the Hsmar1 element and displays a DNA nicking and end joining activity. In parallel, has a histone methyltransf [...] 
kmeans	3	Dark Golden Rod	18	TCN2	9606.ENSP00000215838	Transcobalamin-2; Primary vitamin B12-binding and transport protein. Delivers cobalamin to cells; Belongs to the eukaryotic cobalamin transport proteins family.
kmeans	3	Dark Golden Rod	18	TFF2	9606.ENSP00000291526	Trefoil factor 2; Inhibits gastrointestinal motility and gastric acid secretion. Could function as a structural component of gastric mucus, possibly by stabilizing glycoproteins in the mucus gel through interactions with carbohydrate side chains (By similarity).
kmeans	4	Green Yellow	35	ACVRL1	9606.ENSP00000373574	Serine/threonine-protein kinase receptor R3; Type I receptor for TGF-beta family ligands BMP9/GDF2 and BMP10 and important regulator of normal blood vessel development. On ligand binding, forms a receptor complex consisting of two type II and two type I transmembrane serine/threonine kinases. Type II receptors phosphorylate and activate type I receptors which autophosphorylate, then bind and activate SMAD transcriptional regulators. May bind activin as well.
kmeans	4	Green Yellow	35	ADM	9606.ENSP00000436607	Proadrenomedullin N-20 terminal peptide; AM and PAMP are potent hypotensive and vasodilatator agents. Numerous actions have been reported most related to the physiologic control of fluid and electrolyte homeostasis. In the kidney, am is diuretic and natriuretic, and both am and pamp inhibit aldosterone secretion by direct adrenal actions. In pituitary gland, both peptides at physiologically relevant doses inhibit basal ACTH secretion. Both peptides appear to act in brain and pituitary gland to facilitate the loss of plasma volume, actions which complement their hypotensive effects in b [...] 
kmeans	4	Green Yellow	35	ANGPTL4	9606.ENSP00000301455	Angiopoietin-related protein 4; Mediates inactivation of the lipoprotein lipase LPL, and thereby plays a role in the regulation of triglyceride clearance from the blood serum and in lipid metabolism. May also play a role in regulating glucose homeostasis and insulin sensitivity (Probable). Inhibits proliferation, migration, and tubule formation of endothelial cells and reduces vascular leakage. Upon heterologous expression, inhibits the adhesion of endothelial cell to the extracellular matrix (ECM), and inhibits the reorganization of the actin cytoskeleton, formation of actin stress fi [...] 
kmeans	4	Green Yellow	35	CD276	9606.ENSP00000320084	CD276 antigen; May participate in the regulation of T-cell-mediated immune response. May play a protective role in tumor cells by inhibiting natural-killer mediated cell lysis as well as a role of marker for detection of neuroblastoma cells. May be involved in the development of acute and chronic transplant rejection and in the regulation of lymphocytic activity at mucosal surfaces. Could also play a key role in providing the placenta and fetus with a suitable immunological environment throughout pregnancy. Both isoform 1 and isoform 2 appear to be redundant in their ability to modulat [...] 
kmeans	4	Green Yellow	35	CXCL5	9606.ENSP00000296027	C-X-C motif chemokine 5; Involved in neutrophil activation. In vitro, ENA-78(8-78) and ENA-78(9-78) show a threefold higher chemotactic activity for neutrophil granulocytes; Belongs to the intercrine alpha (chemokine CxC) family.
kmeans	4	Green Yellow	35	CXCL9	9606.ENSP00000354901	C-X-C motif chemokine 9; Cytokine that affects the growth, movement, or activation state of cells that participate in immune and inflammatory response. Chemotactic for activated T-cells. Binds to CXCR3; Belongs to the intercrine alpha (chemokine CxC) family.
kmeans	4	Green Yellow	35	DLL1	9606.ENSP00000355718	Delta-like protein 1; Transmembrane ligand protein of NOTCH1, NOTCH2 and NOTCH3 receptors that binds the extracellular domain (ECD) of Notch receptor in a cis and trans fashion manner. Following transinteraction, ligand cells produce mechanical force that depends of a clathrin-mediated endocytosis, requiring ligand ubiquitination, EPN1 interaction, and actin polymerisation; these events promote Notch receptor extracellular domain (NECD) transendocytosis and triggers Notch signaling through induction of cleavage, hyperphosphorylation, and nuclear accumulation of the intracellular domain [...] 
kmeans	4	Green Yellow	35	DPP4	9606.ENSP00000353731	Dipeptidyl peptidase 4 membrane form; Cell surface glycoprotein receptor involved in the costimulatory signal essential for T-cell receptor (TCR)-mediated T- cell activation. Acts as a positive regulator of T-cell coactivation, by binding at least ADA, CAV1, IGF2R, and PTPRC. Its binding to CAV1 and CARD11 induces T-cell proliferation and NF-kappa-B activation in a T-cell receptor/CD3-dependent manner. Its interaction with ADA also regulates lymphocyte-epithelial cell adhesion. In association with FAP is involved in the pericellular proteolysis of the extracellular matrix (ECM), the mi [...] 
kmeans	4	Green Yellow	35	DSC2	9606.ENSP00000280904	Desmocollin-2; Component of intercellular desmosome junctions. Involved in the interaction of plaque proteins and intermediate filaments mediating cell-cell adhesion. May contribute to epidermal cell positioning (stratification) by mediating differential adhesiveness between cells that express different isoforms.
kmeans	4	Green Yellow	35	ENPP2	9606.ENSP00000259486	Ectonucleotide pyrophosphatase/phosphodiesterase family member 2; Hydrolyzes lysophospholipids to produce the signaling molecule lysophosphatidic acid (LPA) in extracellular fluids. Major substrate is lysophosphatidylcholine. Also can act on sphingosylphosphorylcholine producing sphingosine-1-phosphate, a modulator of cell motility. Can hydrolyze, in vitro, bis-pNPP, to some extent pNP-TMP, and barely ATP. Involved in several motility-related processes such as angiogenesis and neurite outgrowth. Acts as an angiogenic factor by stimulating migration of smooth muscle cells and microtubul [...] 
kmeans	4	Green Yellow	35	FLT3LG	9606.ENSP00000469613	Fms-related tyrosine kinase 3 ligand; Stimulates the proliferation of early hematopoietic cells by activating FLT3. Synergizes well with a number of other colony stimulating factors and interleukins.
kmeans	4	Green Yellow	35	FURIN	9606.ENSP00000483552	Furin; Ubiquitous endoprotease within constitutive secretory pathways capable of cleavage at the RX(K/R)R consensus motif. Mediates processing of TGFB1, an essential step in TGF-beta-1 activation. (Microbial infection) Required for H7N1 and H5N1 influenza virus infection probably by cleaving hemagglutinin.
kmeans	4	Green Yellow	35	GDNF	9606.ENSP00000409007	Glial cell line-derived neurotrophic factor; Neurotrophic factor that enhances survival and morphological differentiation of dopaminergic neurons and increases their high- affinity dopamine uptake; Belongs to the TGF-beta family. GDNF subfamily.
kmeans	4	Green Yellow	35	GFAP	9606.ENSP00000253408	Glial fibrillary acidic protein; GFAP, a class-III intermediate filament, is a cell-specific marker that, during the development of the central nervous system, distinguishes astrocytes from other glial cells.
kmeans	4	Green Yellow	35	GZMA	9606.ENSP00000274306	Granzyme A; Abundant protease in the cytosolic granules of cytotoxic T- cells and NK-cells which activates caspase-independent cell death with morphological features of apoptosis when delivered into the target cell through the immunological synapse. It cleaves after Lys or Arg. Cleaves APEX1 after 'Lys-31' and destroys its oxidative repair activity. Cleaves the nucleosome assembly protein SET after 'Lys-189', which disrupts its nucleosome assembly activity and allows the SET complex to translocate into the nucleus to nick and degrade the DNA. Belongs to the peptidase S1 family. Granzym [...] 
kmeans	4	Green Yellow	35	IFNLR1	9606.ENSP00000327824	Interferon lambda receptor 1; The IFNLR1/IL10RB dimer is a receptor for the cytokine ligands IFNL2 and IFNL3 and mediates their antiviral activity. The ligand/receptor complex stimulate the activation of the JAK/STAT signaling pathway leading to the expression of IFN-stimulated genes (ISG), which contribute to the antiviral state. Determines the cell type specificity of the lambda interferon action. Shows a more restricted pattern of expression in the epithelial tissues thereby limiting responses to lambda interferons primarily to epithelial cells of the respiratory, gastrointestinal,  [...] 
kmeans	4	Green Yellow	35	IGFBP4	9606.ENSP00000269593	Insulin-like growth factor-binding protein 4; IGF-binding proteins prolong the half-life of the IGFs and have been shown to either inhibit or stimulate the growth promoting effects of the IGFs on cell culture. They alter the interaction of IGFs with their cell surface receptors.
kmeans	4	Green Yellow	35	IL15	9606.ENSP00000296545	Interleukin-15; Cytokine that stimulates the proliferation of T-lymphocytes. Stimulation by IL15 requires interaction of IL15 with components of the IL2 receptor, including IL2RB and probably IL2RG but not IL2RA. In neutrophils, stimulates phagocytosis probably by signaling through the IL15 receptor, composed of the subunits IL15RA, IL2RB and IL2RG, which results in kinase SYK activation ; Belongs to the IL-15/IL-21 family.
kmeans	4	Green Yellow	35	IL17C	9606.ENSP00000244241	Interleukin-17C; Cytokine that plays a crucial role in innate immunity of the epithelium, including to intestinal bacterial pathogens, in an autocrine manner. Stimulates the production of antibacterial peptides and proinflammatory molecules for host defense by signaling through the NF-kappa-B and MAPK pathways. Acts synergically with IL22 in inducing the expression of antibacterial peptides, including S100A8, S100A9, REG3A and REG3G. Synergy is also observed with TNF and IL1B in inducing DEFB2 from keratinocytes. Depending on the type of insult, may have both protective and pathogenic  [...] 
kmeans	4	Green Yellow	35	IL1RL1	9606.ENSP00000233954	Interleukin-1 receptor-like 1; Receptor for interleukin-33 (IL-33); signaling requires association of the coreceptor IL1RAP. Its stimulation recruits MYD88, IRAK1, IRAK4, and TRAF6, followed by phosphorylation of MAPK3/ERK1 and/or MAPK1/ERK2, MAPK14, and MAPK8. Possibly involved in helper T- cell function.
kmeans	4	Green Yellow	35	IL2RA	9606.ENSP00000369293	Interleukin-2 receptor subunit alpha; Receptor for interleukin-2. The receptor is involved in the regulation of immune tolerance by controlling regulatory T cells (TREGs) activity. TREGs suppress the activation and expansion of autoreactive T-cells.
kmeans	4	Green Yellow	35	IL32	9606.ENSP00000431775	Interleukin-32; Cytokine that may play a role in innate and adaptive immune responses. It induces various cytokines such as TNFA/TNF-alpha and IL8. It activates typical cytokine signal pathways of NF-kappa-B and p38 MAPK.
kmeans	4	Green Yellow	35	IL4R	9606.ENSP00000379111	Soluble interleukin-4 receptor subunit alpha; Receptor for both interleukin 4 and interleukin 13. Couples to the JAK1/2/3-STAT6 pathway. The IL4 response is involved in promoting Th2 differentiation. The IL4/IL13 responses are involved in regulating IgE production and, chemokine and mucus production at sites of allergic inflammation. In certain cell types, can signal through activation of insulin receptor substrates, IRS1/IRS2.
kmeans	4	Green Yellow	35	IL6	9606.ENSP00000385675	Interleukin-6; Cytokine with a wide variety of biological functions. It is a potent inducer of the acute phase response. Plays an essential role in the final differentiation of B-cells into Ig-secreting cells Involved in lymphocyte and monocyte differentiation. Acts on B-cells, T-cells, hepatocytes, hematopoietic progenitor cells and cells of the CNS. Required for the generation of T(H)17 cells. Also acts as a myokine. It is discharged into the bloodstream after muscle contraction and acts to increase the breakdown of fats and to improve insulin resistance. It induces myeloma and plasm [...] 
kmeans	4	Green Yellow	35	MMP12	9606.ENSP00000458585	Macrophage metalloelastase; May be involved in tissue injury and remodeling. Has significant elastolytic activity. Can accept large and small amino acids at the P1' site, but has a preference for leucine. Aromatic or hydrophobic residues are preferred at the P1 site, with small hydrophobic residues (preferably alanine) occupying P3; Belongs to the peptidase M10A family.
kmeans	4	Green Yellow	35	NOS1	9606.ENSP00000477999	Nitric oxide synthase, brain; Produces nitric oxide (NO) which is a messenger molecule with diverse functions throughout the body. In the brain and peripheral nervous system, NO displays many properties of a neurotransmitter. Probably has nitrosylase activity and mediates cysteine S-nitrosylation of cytoplasmic target proteins such SRR; Belongs to the NOS family.
kmeans	4	Green Yellow	35	NPPB	9606.ENSP00000365651	Brain natriuretic peptide 32; Cardiac hormone which may function as a paracrine antifibrotic factor in the heart. Also plays a key role in cardiovascular homeostasis through natriuresis, diuresis, vasorelaxation, and inhibition of renin and aldosterone secretion. Specifically binds and stimulates the cGMP production of the NPR1 receptor. Binds the clearance receptor NPR3. Belongs to the natriuretic peptide family.
kmeans	4	Green Yellow	35	NRP1	9606.ENSP00000265371	Neuropilin-1; Receptor involved in the development of the cardiovascular system, in angiogenesis, in the formation of certain neuronal circuits and in organogenesis outside the nervous system. It mediates the chemorepulsant activity of semaphorins. It binds to semaphorin 3A, The PLGF-2 isoform of PGF, The VEGF165 isoform of VEGFA and VEGFB. Coexpression with KDR results in increased VEGF165 binding to KDR as well as increased chemotaxis. Regulates VEGF-induced angiogenesis. Binding to VEGFA initiates a signaling pathway needed for motor neuron axon guidance and cell body migration, inc [...] 
kmeans	4	Green Yellow	35	PLAT	9606.ENSP00000220809	Tissue-type plasminogen activator chain A; Converts the abundant, but inactive, zymogen plasminogen to plasmin by hydrolyzing a single Arg-Val bond in plasminogen. By controlling plasmin-mediated proteolysis, it plays an important role in tissue remodeling and degradation, in cell migration and many other physiopathological events. Plays a direct role in facilitating neuronal migration; Belongs to the peptidase S1 family.
kmeans	4	Green Yellow	35	PLAU	9606.ENSP00000361850	Urokinase-type plasminogen activator short chain A; Specifically cleaves the zymogen plasminogen to form the active enzyme plasmin.
kmeans	4	Green Yellow	35	RARRES2	9606.ENSP00000418009	Retinoic acid receptor responder protein 2; Adipocyte-secreted protein (adipokine) that regulates adipogenesis, metabolism and inflammation through activation of the chemokine-like receptor 1 (CMKLR1). Its other ligands include G protein-coupled receptor 1 (GPR1) and chemokine receptor-like 2 (CCRL2). Positively regulates adipocyte differentiation, modulates the expression of adipocyte genes involved in lipid and glucose metabolism and might play a role in angiogenesis, a process essential for the expansion of white adipose tissue. Also acts as a proinflammatory adipokine, causing an i [...] 
kmeans	4	Green Yellow	35	REN	9606.ENSP00000272190	Renin; Renin is a highly specific endopeptidase, whose only known function is to generate angiotensin I from angiotensinogen in the plasma, initiating a cascade of reactions that produce an elevation of blood pressure and increased sodium retention by the kidney.
kmeans	4	Green Yellow	35	SCARB2	9606.ENSP00000264896	Lysosome membrane protein 2; Acts as a lysosomal receptor for glucosylceramidase (GBA) targeting.
kmeans	4	Green Yellow	35	TNFRSF11B	9606.ENSP00000297350	Tumor necrosis factor receptor superfamily member 11B; Acts as decoy receptor for TNFSF11/RANKL and thereby neutralizes its function in osteoclastogenesis. Inhibits the activation of osteoclasts and promotes osteoclast apoptosis in vitro. Bone homeostasis seems to depend on the local ratio between TNFSF11 and TNFRSF11B. May also play a role in preventing arterial calcification. May act as decoy receptor for TNFSF10/TRAIL and protect against apoptosis. TNFSF10/TRAIL binding blocks the inhibition of osteoclastogenesis.
kmeans	4	Green Yellow	35	TNFSF11	9606.ENSP00000381775	Tumor necrosis factor ligand superfamily member 11, membrane form; Cytokine that binds to TNFRSF11B/OPG and to TNFRSF11A/RANK. Osteoclast differentiation and activation factor. Augments the ability of dendritic cells to stimulate naive T-cell proliferation. May be an important regulator of interactions between T-cells and dendritic cells and may play a role in the regulation of the T-cell-dependent immune response. May also play an important role in enhanced bone-resorption in humoral hypercalcemia of malignancy. Induces osteoclastogenesis by activating multiple signaling pathways in o [...] 
kmeans	5	Green 2	11	EDIL3	9606.ENSP00000296591	EGF-like repeat and discoidin I-like domain-containing protein 3; Promotes adhesion of endothelial cells through interaction with the alpha-v/beta-3 integrin receptor. Inhibits formation of vascular-like structures. May be involved in regulation of vascular morphogenesis of remodeling in embryonic development.
kmeans	5	Green 2	11	LTBP2	9606.ENSP00000261978	Latent-transforming growth factor beta-binding protein 2; May play an integral structural role in elastic-fiber architectural organization and/or assembly. Belongs to the LTBP family.
kmeans	5	Green 2	11	NOMO1	9606.ENSP00000287667	Nodal modulator 1; May antagonize Nodal signaling.
kmeans	5	Green 2	11	REG1A	9606.ENSP00000233735	Lithostathine-1-alpha; Might act as an inhibitor of spontaneous calcium carbonate precipitation. May be associated with neuronal sprouting in brain, and with brain and pancreas regeneration.
kmeans	5	Green 2	11	REG1B	9606.ENSP00000303206	Lithostathine-1-beta; Might act as an inhibitor of spontaneous calcium carbonate precipitation. May be associated with neuronal sprouting in brain, and with brain and pancreas regeneration.
kmeans	5	Green 2	11	REG4	9606.ENSP00000346158	Regenerating islet-derived protein 4; Calcium-independent lectin displaying mannose-binding specificity and able to maintain carbohydrate recognition activity in an acidic environment. May be involved in inflammatory and metaplastic responses of the gastrointestinal epithelium.
kmeans	5	Green 2	11	SPINK4	9606.ENSP00000369045	Serine peptidase inhibitor Kazal type 4.
kmeans	5	Green 2	11	TFF1	9606.ENSP00000291527	Trefoil factor 1; Stabilizer of the mucous gel overlying the gastrointestinal mucosa that provides a physical barrier against various noxious agents. May inhibit the growth of calcium oxalate crystals in urine.
kmeans	5	Green 2	11	TFF3	9606.ENSP00000430690	Trefoil factor 3; Involved in the maintenance and repair of the intestinal mucosa. Promotes the mobility of epithelial cells in healing processes (motogen).
kmeans	5	Green 2	11	WFDC2	9606.ENSP00000361761	WAP four-disulfide core domain protein 2; Broad range protease inhibitor.
kmeans	5	Green 2	11	WNT9A	9606.ENSP00000272164	Protein Wnt-9a; Ligand for members of the frizzled family of seven transmembrane receptors. Functions in the canonical Wnt/beta-catenin signaling pathway. Required for normal timing of IHH expression during embryonic bone development, normal chondrocyte maturation and for normal bone mineralization during embryonic bone development. Plays a redundant role in maintaining joint integrity.
kmeans	6	Green	9	ACAA1	9606.ENSP00000333664	3-ketoacyl-CoA thiolase, peroxisomal; acetyl-CoA acyltransferase 1; Belongs to the thiolase-like superfamily. Thiolase family.
kmeans	6	Green	9	ARSA	9606.ENSP00000216124	Arylsulfatase A component B; Hydrolyzes cerebroside sulfate.
kmeans	6	Green	9	CDHR2	9606.ENSP00000424565	Cadherin-related family member 2; Intermicrovillar adhesion molecule that forms, via its extracellular domain, calcium-dependent heterophilic complexes with CDHR5 on adjacent microvilli. Thereby, controls the packing of microvilli at the apical membrane of epithelial cells. Through its cytoplasmic domain, interacts with microvillus cytoplasmic proteins to form the intermicrovillar adhesion complex/IMAC. This complex plays a central role in microvilli and epithelial brush border differentiation. May also play a role in cell-cell adhesion and contact inhibition in epithelial cells.
kmeans	6	Green	9	CST5	9606.ENSP00000307132	Cystatin-D; Cysteine proteinase inhibitor that possibly plays a protective role against proteinases present in the oral cavity. The order of preference for inhibition is cathepsin S > cathepsin H > cathepsin L > cathepsin B.
kmeans	6	Green	9	GLB1	9606.ENSP00000306920	Beta-galactosidase; [Isoform 1]: Cleaves beta-linked terminal galactosyl residues from gangliosides, glycoproteins, and glycosaminoglycans.
kmeans	6	Green	9	GUSB	9606.ENSP00000302728	Beta-glucuronidase; Plays an important role in the degradation of dermatan and keratan sulfates; Belongs to the glycosyl hydrolase 2 family.
kmeans	6	Green	9	LRP11	9606.ENSP00000239367	Low-density lipoprotein receptor-related protein 11; LDL receptor related protein 11; Belongs to the LDLR family.
kmeans	6	Green	9	NPTXR	9606.ENSP00000327545	Neuronal pentraxin receptor; May be involved in mediating uptake of synaptic material during synapse remodeling or in mediating the synaptic clustering of AMPA glutamate receptors at a subset of excitatory synapses.
kmeans	6	Green	9	RAB6A	9606.ENSP00000311449	Ras-related protein Rab-6A; Protein transport. Regulator of membrane traffic from the Golgi apparatus towards the endoplasmic reticulum (ER). Has a low GTPase activity. Involved in COPI-independent retrograde transport from the Golgi to the ER ; Belongs to the small GTPase superfamily. Rab family.
kmeans	7	Blue	10	C1QA	9606.ENSP00000363773	Complement C1q subcomponent subunit A; C1q associates with the proenzymes C1r and C1s to yield C1, the first component of the serum complement system. The collagen-like regions of C1q interact with the Ca(2+)-dependent C1r(2)C1s(2) proenzyme complex, and efficient activation of C1 takes place on interaction of the globular heads of C1q with the Fc regions of IgG or IgM antibody present in immune complexes.
kmeans	7	Blue	10	CLEC5A	9606.ENSP00000449999	C-type lectin domain family 5 member A; Functions as a positive regulator of osteoclastogenesis (By similarity). Cell surface receptor that signals via TYROBP. Regulates inflammatory responses (By similarity).
kmeans	7	Blue	10	CXCL17	9606.ENSP00000472467	C-X-C motif chemokine 17; Chemokine that acts as chemoattractant for monocytes, macrophages and dendritic cells. Plays a role in angiogenesis and possibly in the development of tumors. Acts as an anti-inflammatory in the stomach. May play a role in the innate defense against infections. Activates the C-X-C chemokine receptor GPR35 to induce a rapid and transient rise in the level of intracellular calcium ions. Belongs to the intercrine alpha (chemokine CxC) family.
kmeans	7	Blue	10	F9	9606.ENSP00000218099	Coagulation factor IXa heavy chain; Factor IX is a vitamin K-dependent plasma protein that participates in the intrinsic pathway of blood coagulation by converting factor X to its active form in the presence of Ca(2+) ions, phospholipids, and factor VIIIa. Belongs to the peptidase S1 family.
kmeans	7	Blue	10	FAM3B	9606.ENSP00000350673	Protein FAM3B; Induces apoptosis of alpha and beta cells in a dose- and time-dependent manner; Belongs to the FAM3 family.
kmeans	7	Blue	10	LGMN	9606.ENSP00000376911	Legumain; Has a strict specificity for hydrolysis of asparaginyl bonds. Can also cleave aspartyl bonds slowly, especially under acidic conditions. Required for normal lysosomal protein degradation in renal proximal tubules. Required for normal degradation of internalized EGFR. Plays a role in the regulation of cell proliferation via its role in EGFR degradation (By similarity). May be involved in the processing of proteins for MHC class II antigen presentation in the lysosomal/endosomal system; Belongs to the peptidase C13 family.
kmeans	7	Blue	10	NECTIN2	9606.ENSP00000252483	Nectin-2; Modulator of T-cell signaling. Can be either a costimulator of T-cell function, or a coinhibitor, depending on the receptor it binds to. Upon binding to CD226, stimulates T-cell proliferation and cytokine production, including that of IL2, IL5, IL10, IL13, and IFNG. Upon interaction with PVRIG, inhibits T-cell proliferation. These interactions are competitive. Probable cell adhesion protein ; Belongs to the nectin family.
kmeans	7	Blue	10	NECTIN4	9606.ENSP00000356991	Processed poliovirus receptor-related protein 4; Seems to be involved in cell adhesion through trans- homophilic and -heterophilic interactions, the latter including specifically interactions with NECTIN1. Does not act as receptor for alpha-herpesvirus entry into cells.
kmeans	7	Blue	10	RSPO3	9606.ENSP00000349131	R-spondin-3; Activator of the canonical Wnt signaling pathway by acting as a ligand for LGR4-6 receptors, which acts as a key regulator of angiogenesis. Upon binding to LGR4-6 (LGR4, LGR5 or LGR6), LGR4-6 associate with phosphorylated LRP6 and frizzled receptors that are activated by extracellular Wnt receptors, triggering the canonical Wnt signaling pathway to increase expression of target genes. Also regulates the canonical Wnt/beta-catenin-dependent pathway and non- canonical Wnt signaling by acting as an inhibitor of ZNRF3, an important regulator of the Wnt signaling pathway. Acts  [...] 
kmeans	7	Blue	10	VSIG4	9606.ENSP00000363869	V-set and immunoglobulin domain-containing protein 4; Phagocytic receptor, strong negative regulator of T-cell proliferation and IL2 production. Potent inhibitor of the alternative complement pathway convertases.
kmeans	8	Light Sky Blue	19	CALB1	9606.ENSP00000265431	Calbindin; Buffers cytosolic calcium. May stimulate a membrane Ca(2+)- ATPase and a 3',5'-cyclic nucleotide phosphodiesterase.
kmeans	8	Light Sky Blue	19	CHI3L1	9606.ENSP00000255409	Chitinase-3-like protein 1; Carbohydrate-binding lectin with a preference for chitin. Has no chitinase activity. May play a role in tissue remodeling and in the capacity of cells to respond to and cope with changes in their environment. Plays a role in T-helper cell type 2 (Th2) inflammatory response and IL-13-induced inflammation, regulating allergen sensitization, inflammatory cell apoptosis, dendritic cell accumulation and M2 macrophage differentiation. Facilitates invasion of pathogenic enteric bacteria into colonic mucosa and lymphoid organs. Mediates activation of AKT1 signaling  [...] 
kmeans	8	Light Sky Blue	19	COL4A1	9606.ENSP00000364979	Collagen alpha-1(IV) chain; Type IV collagen is the major structural component of glomerular basement membranes (GBM), forming a 'chicken-wire' meshwork together with laminins, proteoglycans and entactin/nidogen.
kmeans	8	Light Sky Blue	19	COL6A3	9606.ENSP00000295550	Collagen alpha-3(VI) chain; Collagen VI acts as a cell-binding protein.
kmeans	8	Light Sky Blue	19	CTSD	9606.ENSP00000236671	Cathepsin D heavy chain; Acid protease active in intracellular protein breakdown. Plays a role in APP processing following cleavage and activation by ADAM30 which leads to APP degradation. Involved in the pathogenesis of several diseases such as breast cancer and possibly Alzheimer disease.
kmeans	8	Light Sky Blue	19	FAP	9606.ENSP00000188790	Antiplasmin-cleaving enzyme FAP, soluble form; Cell surface glycoprotein serine protease that participates in extracellular matrix degradation and involved in many cellular processes including tissue remodeling, fibrosis, wound healing, inflammation and tumor growth. Both plasma membrane and soluble forms exhibit post-proline cleaving endopeptidase activity, with a marked preference for Ala/Ser-Gly-Pro-Ser/Asn/Ala consensus sequences, on substrate such as alpha-2-antiplasmin SERPINF2 and SPRY2. Degrade also gelatin, heat-denatured type I collagen, but not native collagen type I and IV, [...] 
kmeans	8	Light Sky Blue	19	HAVCR1	9606.ENSP00000487363	Hepatitis A virus cellular receptor 1; May play a role in T-helper cell development and the regulation of asthma and allergic diseases. Receptor for TIMD4 (By similarity). May play a role in kidney injury and repair. (Microbial infection) Acts as a receptor for Ebolavirus and Marburg virus by binding exposed phosphatidyl-serine at the surface of virion membrane; Belongs to the immunoglobulin superfamily. TIM family.
kmeans	8	Light Sky Blue	19	ITGA11	9606.ENSP00000327290	Integrin alpha-11; Integrin alpha-11/beta-1 is a receptor for collagen.
kmeans	8	Light Sky Blue	19	ITGA5	9606.ENSP00000293379	Integrin alpha-5 heavy chain; Integrin alpha-5/beta-1 (ITGA5:ITGB1) is a receptor for fibronectin and fibrinogen. It recognizes the sequence R-G-D in its ligands. ITGA5:ITGB1 binds to PLA2G2A via a site (site 2) which is distinct from the classical ligand-binding site (site 1) and this induces integrin conformational changes and enhanced ligand binding to site 1. ITGA5:ITGB1 acts as a receptor for fibrillin-1 (FBN1) and mediates R-G-D-dependent cell adhesion to FBN1. ITGA5:ITGB1 is a receptor for IL1B and binding is essential for IL1B signaling. ITGA5:ITGB3 is a receptor for soluble CD [...] 
kmeans	8	Light Sky Blue	19	ITGAV	9606.ENSP00000261023	Integrin alpha-V heavy chain; The alpha-V (ITGAV) integrins are receptors for vitronectin, cytotactin, fibronectin, fibrinogen, laminin, matrix metalloproteinase- 2, osteopontin, osteomodulin, prothrombin, thrombospondin and vWF. They recognize the sequence R-G-D in a wide array of ligands. ITGAV:ITGB3 binds to fractalkine (CX3CL1) and may act as its coreceptor in CX3CR1- dependent fractalkine signaling. ITGAV:ITGB3 binds to NRG1 (via EGF domain) and this binding is essential for NRG1-ERBB signaling. ITGAV:ITGB3 binds to FGF1 and this binding is essential for FGF1 signaling. ITGAV:ITGB [...] 
kmeans	8	Light Sky Blue	19	ITIH3	9606.ENSP00000415769	Inter-alpha-trypsin inhibitor heavy chain H3; May act as a carrier of hyaluronan in serum or as a binding protein between hyaluronan and other matrix protein, including those on cell surfaces in tissues to regulate the localization, synthesis and degradation of hyaluronan which are essential to cells undergoing biological processes.
kmeans	8	Light Sky Blue	19	KLK4	9606.ENSP00000326159	Kallikrein-4; Has a major role in enamel formation. Required during the maturation stage of tooth development for clearance of enamel proteins and normal structural patterning of the crystalline matrix (By similarity).
kmeans	8	Light Sky Blue	19	MMP3	9606.ENSP00000299855	Stromelysin-1; Can degrade fibronectin, laminin, gelatins of type I, III, IV, and V; collagens III, IV, X, and IX, and cartilage proteoglycans. Activates procollagenase; Belongs to the peptidase M10A family.
kmeans	8	Light Sky Blue	19	MMP7	9606.ENSP00000260227	Matrilysin; Degrades casein, gelatins of types I, III, IV, and V, and fibronectin. Activates procollagenase.
kmeans	8	Light Sky Blue	19	NEFL	9606.ENSP00000482169	Neurofilament light polypeptide; Neurofilaments usually contain three intermediate filament proteins: L, M, and H which are involved in the maintenance of neuronal caliber.
kmeans	8	Light Sky Blue	19	PTGDS	9606.ENSP00000360687	Prostaglandin-H2 D-isomerase; Catalyzes the conversion of PGH2 to PGD2, a prostaglandin involved in smooth muscle contraction/relaxation and a potent inhibitor of platelet aggregation. Involved in a variety of CNS functions, such as sedation, NREM sleep and PGE2-induced allodynia, and may have an anti-apoptotic role in oligodendrocytes. Binds small non-substrate lipophilic molecules, including biliverdin, bilirubin, retinal, retinoic acid and thyroid hormone, and may act as a scavenger for harmful hydrophobic molecules and as a secretory retinoid and thyroid hormone transporter. Possib [...] 
kmeans	8	Light Sky Blue	19	SPON1	9606.ENSP00000460236	Spondin-1; Cell adhesion protein that promotes the attachment of spinal cord and sensory neuron cells and the outgrowth of neurites in vitro. May contribute to the growth and guidance of axons in both the spinal cord and the PNS (By similarity). Major factor for vascular smooth muscle cell.
kmeans	8	Light Sky Blue	19	SPP1	9606.ENSP00000378517	Osteopontin; Binds tightly to hydroxyapatite. Appears to form an integral part of the mineralized matrix. Probably important to cell-matrix interaction.
kmeans	8	Light Sky Blue	19	UMOD	9606.ENSP00000379438	Uromodulin, secreted form; [Uromodulin]: Functions in biogenesis and organization of the apical membrane of epithelial cells of the thick ascending limb of Henle's loop (TALH), where it promotes formation of complex filamentous gel-like structure that may play a role in the water barrier permeability (Probable). May serve as a receptor for binding and endocytosis of cytokines (IL-1, IL-2) and TNF. Facilitates neutrophil migration across renal epithelia.
kmeans	9	Medium Blue	29	ANGPT2	9606.ENSP00000314897	Angiopoietin-2; Binds to TEK/TIE2, competing for the ANGPT1 binding site, and modulating ANGPT1 signaling. Can induce tyrosine phosphorylation of TEK/TIE2 in the absence of ANGPT1. In the absence of angiogenic inducers, such as VEGF, ANGPT2-mediated loosening of cell-matrix contacts may induce endothelial cell apoptosis with consequent vascular regression. In concert with VEGF, it may facilitate endothelial cell migration and proliferation, thus serving as a permissive angiogenic signal.
kmeans	9	Medium Blue	29	AREG	9606.ENSP00000379097	Amphiregulin; Ligand of the EGF receptor/EGFR. Autocrine growth factor as well as a mitogen for a broad range of target cells including astrocytes, Schwann cells and fibroblasts; Belongs to the amphiregulin family.
kmeans	9	Medium Blue	29	CA12	9606.ENSP00000178638	Carbonic anhydrase 12; Reversible hydration of carbon dioxide. Belongs to the alpha-carbonic anhydrase family.
kmeans	9	Medium Blue	29	CEACAM5	9606.ENSP00000221992	Carcinoembryonic antigen-related cell adhesion molecule 5; Cell surface glycoprotein that plays a role in cell adhesion, intracellular signaling and tumor progression. Mediates homophilic and heterophilic cell adhesion with other carcinoembryonic antigen-related cell adhesion molecules, such as CEACAM6. Plays a role as an oncogene by promoting tumor progression; induces resistance to anoikis of colorectal carcinoma cells. Belongs to the immunoglobulin superfamily. CEA family.
kmeans	9	Medium Blue	29	CKAP4	9606.ENSP00000367265	Cytoskeleton-associated protein 4; High-affinity epithelial cell surface receptor for APF.
kmeans	9	Medium Blue	29	CSF1	9606.ENSP00000327513	Processed macrophage colony-stimulating factor 1; Cytokine that plays an essential role in the regulation of survival, proliferation and differentiation of hematopoietic precursor cells, especially mononuclear phagocytes, such as macrophages and monocytes. Promotes the release of proinflammatory chemokines, and thereby plays an important role in innate immunity and in inflammatory processes. Plays an important role in the regulation of osteoclast proliferation and differentiation, the regulation of bone resorption, and is required for normal bone development. Required for normal male a [...] 
kmeans	9	Medium Blue	29	DSG2	9606.ENSP00000261590	Desmoglein-2; Component of intercellular desmosome junctions. Involved in the interaction of plaque proteins and intermediate filaments mediating cell-cell adhesion.
kmeans	9	Medium Blue	29	EGFR	9606.ENSP00000275493	Epidermal growth factor receptor; Receptor tyrosine kinase binding ligands of the EGF family and activating several signaling cascades to convert extracellular cues into appropriate cellular responses. Known ligands include EGF, TGFA/TGF-alpha, AREG, epigen/EPGN, BTC/betacellulin, epiregulin/EREG and HBEGF/heparin- binding EGF. Ligand binding triggers receptor homo- and/or heterodimerization and autophosphorylation on key cytoplasmic residues. The phosphorylated receptor recruits adapter proteins like GRB2 which in turn activates complex downstream signaling cascades. Activates at leas [...] 
kmeans	9	Medium Blue	29	EPHA2	9606.ENSP00000351209	Ephrin type-A receptor 2; Receptor tyrosine kinase which binds promiscuously membrane- bound ephrin-A family ligands residing on adjacent cells, leading to contact-dependent bidirectional signaling into neighboring cells. The signaling pathway downstream of the receptor is referred to as forward signaling while the signaling pathway downstream of the ephrin ligand is referred to as reverse signaling. Activated by the ligand ephrin- A1/EFNA1 regulates migration, integrin-mediated adhesion, proliferation and differentiation of cells. Regulates cell adhesion and differentiation through DS [...] 
kmeans	9	Medium Blue	29	GDF15	9606.ENSP00000252809	Growth/differentiation factor 15; Regulates food intake, energy expenditure and body weight in response to metabolic and toxin-induced stresses. Binds to its receptor, GFRAL, and activates GFRAL- expressing neurons localized in the area postrema and nucleus tractus solitarius of the brainstem. It then triggers the activation of neurons localized within the parabrachial nucleus and central amygdala, which contitutes part of the 'emergency circuit' that shapes feeding responses to stressful conditions. On hepatocytes, inhibits growth hormone signaling (By similarity).
kmeans	9	Medium Blue	29	GFRA1	9606.ENSP00000347591	GDNF family receptor alpha-1; Receptor for GDNF. Mediates the GDNF-induced autophosphorylation and activation of the RET receptor (By similarity).
kmeans	9	Medium Blue	29	HPGDS	9606.ENSP00000295256	Hematopoietic prostaglandin D synthase; Bifunctional enzyme which catalyzes both the conversion of PGH2 to PGD2, a prostaglandin involved in smooth muscle contraction/relaxation and a potent inhibitor of platelet aggregation, and the conjugation of glutathione with a wide range of aryl halides and organic isothiocyanates. Also exhibits low glutathione-peroxidase activity towards cumene hydroperoxide. Belongs to the GST superfamily. Sigma family.
kmeans	9	Medium Blue	29	IGFBP2	9606.ENSP00000233809	Insulin-like growth factor-binding protein 2; Inhibits IGF-mediated growth and developmental rates. IGF- binding proteins prolong the half-life of the IGFs and have been shown to either inhibit or stimulate the growth promoting effects of the IGFs on cell culture. They alter the interaction of IGFs with their cell surface receptors.
kmeans	9	Medium Blue	29	IGFBP3	9606.ENSP00000370473	Insulin-like growth factor-binding protein 3; IGF-binding proteins prolong the half-life of the IGFs and have been shown to either inhibit or stimulate the growth promoting effects of the IGFs on cell culture. They alter the interaction of IGFs with their cell surface receptors. Also exhibits IGF-independent antiproliferative and apoptotic effects mediated by its receptor TMEM219/IGFBP-3R.
kmeans	9	Medium Blue	29	IL19	9606.ENSP00000499459	Interleukin-19; May play some important roles in inflammatory responses. Up- regulates IL-6 and TNF-alpha and induces apoptosis (By similarity).
kmeans	9	Medium Blue	29	KDR	9606.ENSP00000263923	Vascular endothelial growth factor receptor 2; Tyrosine-protein kinase that acts as a cell-surface receptor for VEGFA, VEGFC and VEGFD. Plays an essential role in the regulation of angiogenesis, vascular development, vascular permeability, and embryonic hematopoiesis. Promotes proliferation, survival, migration and differentiation of endothelial cells. Promotes reorganization of the actin cytoskeleton. Isoforms lacking a transmembrane domain, such as isoform 2 and isoform 3, may function as decoy receptors for VEGFA, VEGFC and/or VEGFD. Isoform 2 plays an important role as negative reg [...] 
kmeans	9	Medium Blue	29	KRT18	9606.ENSP00000373489	Keratin, type I cytoskeletal 18; Involved in the uptake of thrombin-antithrombin complexes by hepatic cells (By similarity). When phosphorylated, plays a role in filament reorganization. Involved in the delivery of mutated CFTR to the plasma membrane. Together with KRT8, is involved in interleukin-6 (IL-6)-mediated barrier protection.
kmeans	9	Medium Blue	29	KRT19	9606.ENSP00000355124	Keratin, type I cytoskeletal 19; Involved in the organization of myofibers. Together with KRT8, helps to link the contractile apparatus to dystrophin at the costameres of striated muscle; Belongs to the intermediate filament family.
kmeans	9	Medium Blue	29	LAIR1	9606.ENSP00000375622	Leukocyte-associated immunoglobulin-like receptor 1; Functions as an inhibitory receptor that plays a constitutive negative regulatory role on cytolytic function of natural killer (NK) cells, B-cells and T-cells. Activation by Tyr phosphorylation results in recruitment and activation of the phosphatases PTPN6 and PTPN11. It also reduces the increase of intracellular calcium evoked by B-cell receptor ligation. May also play its inhibitory role independently of SH2-containing phosphatases. Modulates cytokine production in CD4+ T- cells, down-regulating IL2 and IFNG production while induc [...] 
kmeans	9	Medium Blue	29	LGALS4	9606.ENSP00000302100	Galectin-4; Galectin that binds lactose and a related range of sugars. May be involved in the assembly of adherens junctions.
kmeans	9	Medium Blue	29	NCAM1	9606.ENSP00000480132	Neural cell adhesion molecule 1; This protein is a cell adhesion molecule involved in neuron- neuron adhesion, neurite fasciculation, outgrowth of neurites, etc.
kmeans	9	Medium Blue	29	OGN	9606.ENSP00000364711	Mimecan; Induces bone formation in conjunction with TGF-beta-1 or TGF- beta-2.
kmeans	9	Medium Blue	29	PDGFC	9606.ENSP00000422464	Platelet-derived growth factor C, receptor-binding form; Growth factor that plays an essential role in the regulation of embryonic development, cell proliferation, cell migration, survival and chemotaxis. Potent mitogen and chemoattractant for cells of mesenchymal origin. Required for normal skeleton formation during embryonic development, especially for normal development of the craniofacial skeleton and for normal development of the palate. Required for normal skin morphogenesis during embryonic development. Plays an important role in wound healing, where it appears to be involved in [...] 
kmeans	9	Medium Blue	29	PI3	9606.ENSP00000243924	Elafin; Neutrophil and pancreatic elastase-specific inhibitor of skin. It may prevent elastase-mediated tissue proteolysis. Has been shown to inhibit the alpha-4-beta-2/CHRNA2-CHRNB2 nicotinic acetylcholine receptor and to produce a weak inhibition on Kv11.1/KCNH2/ERG1 and on the transient receptor potential cation channel subfamily V member 1 (TRPV1).
kmeans	9	Medium Blue	29	PLAUR	9606.ENSP00000339328	Urokinase plasminogen activator surface receptor; Acts as a receptor for urokinase plasminogen activator. Plays a role in localizing and promoting plasmin formation. Mediates the proteolysis-independent signal transduction activation effects of U-PA. It is subject to negative-feedback regulation by U-PA which cleaves it into an inactive form.
kmeans	9	Medium Blue	29	PTPRF	9606.ENSP00000353030	Receptor-type tyrosine-protein phosphatase F; Possible cell adhesion receptor. It possesses an intrinsic protein tyrosine phosphatase activity (PTPase) and dephosphorylates EPHA2 regulating its activity.
kmeans	9	Medium Blue	29	SPINK1	9606.ENSP00000296695	Serine protease inhibitor Kazal-type 1; Serine protease inhibitor which exhibits anti-trypsin activity. In the pancreas, protects against trypsin- catalyzed premature activation of zymogens (By similarity).
kmeans	9	Medium Blue	29	TGFA	9606.ENSP00000404131	Protransforming growth factor alpha; TGF alpha is a mitogenic polypeptide that is able to bind to the EGF receptor/EGFR and to act synergistically with TGF beta to promote anchorage-independent cell proliferation in soft agar.
kmeans	9	Medium Blue	29	TIMP4	9606.ENSP00000287814	Metalloproteinase inhibitor 4; Complexes with metalloproteinases (such as collagenases) and irreversibly inactivates them by binding to their catalytic zinc cofactor. Known to act on MMP-1, MMP-2, MMP-3, MMP-7 and MMP-9.
kmeans	10	Purple	11	EDA2R	9606.ENSP00000379365	Tumor necrosis factor receptor superfamily member 27; Receptor for EDA isoform A2, but not for EDA isoform A1. Mediates the activation of the NF-kappa-B and JNK pathways. Activation seems to be mediated by binding to TRAF3 and TRAF6.
kmeans	10	Purple	11	EDAR	9606.ENSP00000258443	Tumor necrosis factor receptor superfamily member EDAR; Receptor for EDA isoform A1, but not for EDA isoform A2. Mediates the activation of NF-kappa-B and JNK. May promote caspase- independent cell death.
kmeans	10	Purple	11	LTBR	9606.ENSP00000228918	Tumor necrosis factor receptor superfamily member 3; Receptor for the heterotrimeric lymphotoxin containing LTA and LTB, and for TNFS14/LIGHT. Promotes apoptosis via TRAF3 and TRAF5. May play a role in the development of lymphoid organs.
kmeans	10	Purple	11	REG3A	9606.ENSP00000377456	Regenerating islet-derived protein 3-alpha 16.5 kDa form; Bactericidal C-type lectin which acts exclusively against Gram-positive bacteria and mediates bacterial killing by binding to surface-exposed carbohydrate moieties of peptidoglycan. Regulates keratinocyte proliferation and differentiation after skin injury via activation of EXTL3-PI3K-AKT signaling pathway.
kmeans	10	Purple	11	TNFRSF10A	9606.ENSP00000221132	Tumor necrosis factor receptor superfamily member 10A; Receptor for the cytotoxic ligand TNFSF10/TRAIL. The adapter molecule FADD recruits caspase-8 to the activated receptor. The resulting death-inducing signaling complex (DISC) performs caspase-8 proteolytic activation which initiates the subsequent cascade of caspases (aspartate-specific cysteine proteases) mediating apoptosis. Promotes the activation of NF-kappa-B.
kmeans	10	Purple	11	TNFRSF12A	9606.ENSP00000326737	Tumor necrosis factor receptor superfamily member 12A; Receptor for TNFSF12/TWEAK. Weak inducer of apoptosis in some cell types. Promotes angiogenesis and the proliferation of endothelial cells. May modulate cellular adhesion to matrix proteins.
kmeans	10	Purple	11	TNFRSF19	9606.ENSP00000371693	Tumor necrosis factor receptor superfamily member 19; Can mediate activation of JNK and NF-kappa-B. May promote caspase-independent cell death.
kmeans	10	Purple	11	TNFRSF1A	9606.ENSP00000162749	Tumor necrosis factor receptor superfamily member 1A, membrane form; Receptor for TNFSF2/TNF-alpha and homotrimeric TNFSF1/lymphotoxin-alpha. The adapter molecule FADD recruits caspase-8 to the activated receptor. The resulting death-inducing signaling complex (DISC) performs caspase-8 proteolytic activation which initiates the subsequent cascade of caspases (aspartate-specific cysteine proteases) mediating apoptosis. Contributes to the induction of non-cytocidal TNF effects including anti-viral state and activation of the acid sphingomyelinase.
kmeans	10	Purple	11	TNFRSF1B	9606.ENSP00000365435	Tumor necrosis factor receptor superfamily member 1b, membrane form; Receptor with high affinity for TNFSF2/TNF-alpha and approximately 5-fold lower affinity for homotrimeric TNFSF1/lymphotoxin-alpha. The TRAF1/TRAF2 complex recruits the apoptotic suppressors BIRC2 and BIRC3 to TNFRSF1B/TNFR2. This receptor mediates most of the metabolic effects of TNF-alpha. Isoform 2 blocks TNF-alpha-induced apoptosis, which suggests that it regulates TNF-alpha function by antagonizing its biological activity.
kmeans	10	Purple	11	TNFSF12	9606.ENSP00000293825	Tumor necrosis factor ligand superfamily member 12, membrane form; Binds to FN14 and possibly also to TNRFSF12/APO3. Weak inducer of apoptosis in some cell types. Mediates NF-kappa-B activation. Promotes angiogenesis and the proliferation of endothelial cells. Also involved in induction of inflammatory cytokines. Promotes IL8 secretion; Belongs to the tumor necrosis factor family.
kmeans	10	Purple	11	TNFSF13	9606.ENSP00000343505	Tumor necrosis factor ligand superfamily member 13; Cytokine that binds to TNFRSF13B/TACI and to TNFRSF17/BCMA. Plays a role in the regulation of tumor cell growth. May be involved in monocyte/macrophage-mediated immunological processes.
